id	time	updated_value
P1_v2	Fri Aug 18 2023 04:56:09 GMT-0400	Browsing
P1_v2	Wed Aug 30 2023 03:38:10 GMT-0400	Browsing
P2_v2	Tue Aug 22 2023 07:53:26 GMT-0400	Browsing
P2_v2	Sun Aug 20 2023 14:52:18 GMT-0400	Finding
P3_v2	Thu Aug 24 2023 16:39:39 GMT-0400	Finding
P7	Mon Aug 21 2023 13:40:30 GMT-0700	Browsing
P7	Mon Aug 21 2023 22:18:53 GMT-0700	Browsing
P7	Wed Aug 23 2023 23:28:44 GMT-0700	Finding
P9_work	Wed Aug 23 2023 22:22:15 GMT-0700	Finding
P9_work	Sun Aug 20 2023 07:54:10 GMT-0700	Finding
P9_work	Wed Aug 23 2023 11:01:13 GMT-0700	Finding
P9_work	Wed Aug 23 2023 16:24:36 GMT-0700	Finding
P11	Tue Aug 22 2023 07:47:08 GMT-0400	Browsing
P14	Tue Aug 22 2023 19:32:46 GMT-0400	Browsing
P15	Tue Aug 22 2023 12:02:09 GMT-0700	Browsing
P15	Thu Aug 24 2023 18:19:38 GMT-0700	Browsing
P15	Sat Aug 26 2023 12:12:30 GMT-0700	Browsing
P15	Sun Aug 27 2023 22:12:32 GMT-0700	Browsing
P16	Tue Aug 29 2023 08:06:51 GMT-0400	Finding
P16	Tue Aug 22 2023 18:32:37 GMT-0400	Finding
P16	Tue Aug 22 2023 20:13:07 GMT-0400	Finding
P16	Wed Aug 30 2023 14:56:50 GMT-0400	Finding
P17	Tue Sep 05 2023 11:20:11 GMT-0700	Browsing
P20	Fri Sep 01 2023 20:32:00 GMT-0400	Browsing
P20	Sat Sep 02 2023 14:57:06 GMT-0400	Finding
P20	Wed Sep 06 2023 20:05:03 GMT-0400	Browsing
P20	Thu Aug 24 2023 17:21:51 GMT-0400	Communicating
P20	Fri Aug 25 2023 15:22:55 GMT-0400	Browsing
P20	Sat Aug 26 2023 01:38:24 GMT-0400	Browsing
P20	Wed Aug 30 2023 00:45:38 GMT-0400	Browsing
P21	Sat Sep 02 2023 06:59:52 GMT-0400	Communicating
P23	Sun Aug 27 2023 23:22:58 GMT-0400	Browsing
P23	Sun Aug 27 2023 03:11:45 GMT-0400	Browsing
P23	Wed Aug 30 2023 09:21:45 GMT-0400	Browsing
P23	Thu Aug 31 2023 22:54:46 GMT-0400	Browsing
P23	Tue Sep 05 2023 20:16:02 GMT-0400	Finding
P23	Fri Sep 08 2023 12:35:53 GMT-0400	Browsing
P26	Thu Aug 31 2023 19:58:22 GMT-0400	Browsing
P27	Thu Aug 31 2023 23:26:42 GMT-0700	Browsing
P27	Fri Sep 01 2023 02:27:40 GMT-0700	Browsing
P27	Sat Sep 02 2023 19:55:06 GMT-0700	Browsing
P27	Sat Sep 02 2023 21:15:28 GMT-0700	Browsing
P27	Mon Sep 04 2023 12:59:24 GMT-0700	Browsing
P27	Mon Sep 04 2023 14:03:01 GMT-0700	Browsing
P27	Mon Sep 04 2023 16:29:11 GMT-0700	Browsing
P27	Tue Sep 05 2023 19:48:15 GMT-0700	Browsing
P27	Tue Sep 05 2023 21:38:21 GMT-0700	Browsing
P27	Wed Sep 06 2023 00:18:03 GMT-0700	Browsing
P27	Wed Sep 06 2023 02:25:23 GMT-0700	Browsing
P28	Tue Aug 29 2023 22:11:02 GMT-0400	Information gathering
P28	Wed Aug 30 2023 08:52:25 GMT-0400	Finding
P28	Wed Aug 30 2023 12:59:51 GMT-0400	Finding
P28	Thu Aug 31 2023 08:59:16 GMT-0400	Finding
P28	Thu Aug 31 2023 20:28:59 GMT-0400	Finding
P28	Fri Sep 01 2023 08:32:05 GMT-0400	Finding
P28	Fri Sep 01 2023 11:12:56 GMT-0400	Finding
P28	Fri Sep 01 2023 18:11:15 GMT-0400	Finding
P28	Fri Sep 01 2023 19:38:26 GMT-0400	Finding
P28	Sat Sep 02 2023 10:01:04 GMT-0400	Finding
P28	Sat Sep 02 2023 18:52:07 GMT-0400	Finding
P28	Sun Sep 03 2023 09:31:50 GMT-0400	Finding
P28	Sun Sep 03 2023 16:26:39 GMT-0400	Information gathering
P28	Sun Sep 03 2023 17:28:18 GMT-0400	Finding
P28	Mon Sep 04 2023 18:19:31 GMT-0400	Finding
P28	Wed Aug 30 2023 15:30:00 GMT-0400	Finding
P29_v2	Fri Sep 08 2023 04:07:24 GMT-0400	Information gathering
P30_work	Wed Sep 06 2023 20:38:22 GMT-0400	Communicating
P17	Thu Aug 24 2023 19:12:12 GMT-0700	Finding
P9_work	Mon Aug 21 2023 21:29:26 GMT-0700	Browsing
P20	Thu Sep 07 2023 16:21:30 GMT-0400	Browsing